"TextID","TextTitle","Text_Author","Text_year_creation","total_sentences","token_sentences","token_sentence_percent","top_tokens","avg_words_per_token_sentence","top_pos_stats"
1,"Война мир","Лев Николаевич Толстой",1863,"32847","129","0.39","[{""count"": 108, ""token"": ""дым""}, {""count"": 38, ""token"": ""запах""}, {""count"": 3, ""token"": ""букет""}, {""count"": 3, ""token"": ""одеколон""}, {""count"": 3, ""token"": ""навоз""}, {""count"": 2, ""token"": ""дух""}, {""count"": 1, ""token"": ""аромат""}]","2.29","{""top_pos_дух"": [{""examples"": [""вам""], ""frequency"": 1, ""part_of_speech"": ""PRON""}, {""examples"": [""–""], ""frequency"": 1, ""part_of_speech"": ""OTHER""}, {""examples"": [""жить""], ""frequency"": 1, ""part_of_speech"": ""VERB_HEAD""}], ""top_pos_дым"": [{""examples"": [""бегать"", ""бубухали"", ""быть"", ""видеть"", ""виднеться"", ""втягивать"", ""выпускать"", ""глядеть"", ""двигаться"", ""двинуться"", ""делать"", ""есть"", ""задыхался"", ""закрыть"", ""застилать"", ""застилая"", ""застлало"", ""застлалось"", ""застлать"", ""кипело"", ""мелькать"", ""обдать"", ""объяснять"", ""оглядывался"", ""пахнуть"", ""подниматься"", ""подняться"", ""показаться"", ""помешать"", ""появиться"", ""преобразиться"", ""присоединяться"", ""проехать"", ""пропитать"", ""различить"", ""разнестись"", ""разойтись"", ""рассеяться"", ""светил"", ""скрывать"", ""скрыться"", ""спутаться"", ""становиться"", ""стать"", ""стлался"", ""теряться"", ""увидать""], ""frequency"": 47, ""part_of_speech"": ""VERB_HEAD""}, {""examples"": [""блестками (Ins)"", ""выстрел (Gen)"", ""движение (Nom)"", ""звук (Nom)"", ""костёр (Gen)"", ""кровь (Nom)"", ""место (Gen)"", ""огонь (Acc)"", ""орудие (Gen)"", ""пожар (Gen)"", ""поле (Gen)"", ""поле (Loc)"", ""пушка (Acc)"", ""русских (Gen)"", ""солнце (Loc)"", ""то (Nom)"", ""туман (Gen)"", ""француз (Nom)"", ""человек (Acc)"", ""штык (Nom)""], ""frequency"": 20, ""part_of_speech"": ""NOUN""}, {""examples"": [""–"", ""быть"", ""в"", ""два"", ""за"", ""и"", ""из"", ""как"", ""между"", ""на"", ""но"", ""от"", ""с"", ""свой"", ""сквозь"", ""среди"", ""этот""], ""frequency"": 17, ""part_of_speech"": ""OTHER""}, {""examples"": [""виднеться"", ""делавших"", ""нерасходившемся"", ""оглушать"", ""оставить"", ""относимым"", ""относить"", ""стоять"", ""стрелявшую"", ""тянуться"", ""уносимого""], ""frequency"": 11, ""part_of_speech"": ""VERB_CHILD""}, {""examples"": [""густой"", ""первый"", ""полный"", ""пороховой"", ""табачный"", ""чёрный""], ""frequency"": 6, ""part_of_speech"": ""ADJ""}, {""examples"": [""то"", ""что""], ""frequency"": 2, ""part_of_speech"": ""PRON""}, {""examples"": [""далеко"", ""ещё""], ""frequency"": 2, ""part_of_speech"": ""ADV""}], ""top_pos_букет"": [{""examples"": [""к"", ""она"", ""с"", ""такой""], ""frequency"": 4, ""part_of_speech"": ""OTHER""}, {""examples"": [""варение (Gen)"", ""порох (Gen)""], ""frequency"": 2, ""part_of_speech"": ""NOUN""}, {""examples"": [""селитренный""], ""frequency"": 1, ""part_of_speech"": ""ADJ""}, {""examples"": [""протянуть""], ""frequency"": 1, ""part_of_speech"": ""VERB_HEAD""}], ""top_pos_запах"": [{""examples"": [""вспоминать"", ""вызвать"", ""выпадать"", ""думать"", ""заметить"", ""измениться"", ""морщась"", ""несло"", ""обхватить"", ""отделяться"", ""пахнуть"", ""показаться"", ""принюхивался"", ""происходить"", ""разлить"", ""распространявший"", ""распространять"", ""сливаться"", ""слиться"", ""слышать"", ""слышаться"", ""чувствовать"", ""чувствоваться""], ""frequency"": 23, ""part_of_speech"": ""VERB_HEAD""}, {""examples"": [""двор (Gen)"", ""дух (Gen)"", ""дым (Gen)"", ""еда (Gen)"", ""запах (Nom)"", ""картофель (Gen)"", ""лепёшка (Gen)"", ""мёд (Gen)"", ""мясо (Gen)"", ""отец (Gen)"", ""пальник (Gen)"", ""полынь (Gen)"", ""порох (Gen)"", ""пот (Gen)"", ""пробка (Gen)"", ""пустота (Gen)"", ""сена (Gen)"", ""слыша (Nom)"", ""табак (Dat)"", ""тело (Gen)"", ""человек (Acc)"", ""яство (Gen)""], ""frequency"": 22, ""part_of_speech"": ""NOUN""}, {""examples"": [""–"", ""в"", ""да"", ""и"", ""к"", ""как"", ""от"", ""по"", ""с"", ""свой"", ""тот"", ""этот""], ""frequency"": 12, ""part_of_speech"": ""OTHER""}, {""examples"": [""больничный"", ""горький"", ""душистый"", ""душный"", ""едкий"", ""крепкий"", ""мирный"", ""приятный"", ""сильный"", ""спиртовой"", ""тяжкий""], ""frequency"": 11, ""part_of_speech"": ""ADJ""}, {""examples"": [""издавать"", ""распространявшегося"", ""смешать"", ""усилившийся"", ""успеть""], ""frequency"": 5, ""part_of_speech"": ""VERB_CHILD""}, {""examples"": [""тем""], ""frequency"": 1, ""part_of_speech"": ""PRON""}], ""top_pos_навоз"": [{""examples"": [""вычищать""], ""frequency"": 1, ""part_of_speech"": ""VERB_HEAD""}], ""top_pos_аромат"": [{""examples"": [""цвет (Gen)""], ""frequency"": 1, ""part_of_speech"": ""NOUN""}], ""top_pos_одеколон"": [{""examples"": [""брызгать"", ""брызнуть"", ""пахнуть""], ""frequency"": 3, ""part_of_speech"": ""VERB_HEAD""}, {""examples"": [""тело (Acc)""], ""frequency"": 1, ""part_of_speech"": ""NOUN""}]}"
2,"Анна Каренина","Лев Николаевич Толстой",1873,"20031","37","0.18","[{""count"": 24, ""token"": ""запах""}, {""count"": 7, ""token"": ""дым""}, {""count"": 6, ""token"": ""навоз""}, {""count"": 5, ""token"": ""букет""}, {""count"": 2, ""token"": ""чадо""}, {""count"": 1, ""token"": ""дух""}]","2.62","{""top_pos_дух"": [{""examples"": [""приходить""], ""frequency"": 1, ""part_of_speech"": ""VERB_HEAD""}], ""top_pos_дым"": [{""examples"": [""выстрел (Gen)"", ""копоть (Ins)"", ""молоко (Nom)"", ""облако (Nom)"", ""сигара (Gen)"", ""табак (Dat)""], ""frequency"": 6, ""part_of_speech"": ""NOUN""}, {""examples"": [""бежать"", ""выходить"", ""потянуться"", ""стоять""], ""frequency"": 4, ""part_of_speech"": ""VERB_HEAD""}, {""examples"": [""за"", ""из"", ""как"", ""широкою""], ""frequency"": 4, ""part_of_speech"": ""OTHER""}, {""examples"": [""густой"", ""пахучий"", ""пороховой""], ""frequency"": 3, ""part_of_speech"": ""ADJ""}], ""top_pos_чадо"": [{""examples"": [""любить"", ""простить""], ""frequency"": 2, ""part_of_speech"": ""VERB_HEAD""}, {""examples"": [""свой""], ""frequency"": 1, ""part_of_speech"": ""OTHER""}], ""top_pos_букет"": [{""examples"": [""брать"", ""украшать""], ""frequency"": 2, ""part_of_speech"": ""VERB_CHILD""}, {""examples"": [""восковой"", ""пыльный""], ""frequency"": 2, ""part_of_speech"": ""ADJ""}, {""examples"": [""поднести"", ""советовать""], ""frequency"": 2, ""part_of_speech"": ""VERB_HEAD""}, {""examples"": [""и"", ""с""], ""frequency"": 2, ""part_of_speech"": ""OTHER""}, {""examples"": [""цвет (Gen)""], ""frequency"": 1, ""part_of_speech"": ""NOUN""}], ""top_pos_запах"": [{""examples"": [""брильянтина (Gen)"", ""вино (Gen)"", ""вкус (Acc)"", ""воздух (Gen)"", ""дух (Gen)"", ""знакомых (Gen)"", ""кореньев (Gen)"", ""пахучей (Ins)"", ""помёт (Gen)"", ""порох (Gen)"", ""проезд (Loc)"", ""птица (Gen)"", ""снег (Gen)"", ""теплота (Ins)"", ""уксус (Gen)"", ""ус (Gen)"", ""цветок (Acc)""], ""frequency"": 17, ""part_of_speech"": ""NOUN""}, {""examples"": [""внося"", ""загадить"", ""замениться"", ""знать"", ""изливать"", ""казаться"", ""обдавать"", ""отцвести"", ""почувствовать"", ""радоваться"", ""слышать"", ""слышаться"", ""услышать""], ""frequency"": 13, ""part_of_speech"": ""VERB_HEAD""}, {""examples"": [""без"", ""в"", ""и"", ""ласка"", ""на"", ""она"", ""по"", ""среди"", ""тот""], ""frequency"": 9, ""part_of_speech"": ""OTHER""}, {""examples"": [""болотный"", ""знакомый"", ""милый"", ""сонный"", ""тяжёлый"", ""удушливый"", ""ужасный"", ""чуждый""], ""frequency"": 8, ""part_of_speech"": ""ADJ""}, {""examples"": [""вбежать"", ""наполниться"", ""пропитать"", ""распространявшийся"", ""рассеять"", ""сена""], ""frequency"": 6, ""part_of_speech"": ""VERB_CHILD""}, {""examples"": [""их""], ""frequency"": 1, ""part_of_speech"": ""PRON""}, {""examples"": [""тотчас""], ""frequency"": 1, ""part_of_speech"": ""ADV""}], ""top_pos_навоз"": [{""examples"": [""возить"", ""подчищать""], ""frequency"": 2, ""part_of_speech"": ""VERB_HEAD""}, {""examples"": [""запаханного""], ""frequency"": 1, ""part_of_speech"": ""ADJ""}]}"
3,"Севастопольские рассказы","Лев Николаевич Толстой",1855,"2199","21","0.95","[{""count"": 15, ""token"": ""дым""}, {""count"": 7, ""token"": ""запах""}, {""count"": 1, ""token"": ""навоз""}, {""count"": 1, ""token"": ""букет""}, {""count"": 1, ""token"": ""смрад""}]","2.67","{""top_pos_дым"": [{""examples"": [""белый"", ""густой"", ""пороховой"", ""самом"", ""синий"", ""чёрный""], ""frequency"": 6, ""part_of_speech"": ""ADJ""}, {""examples"": [""двигаться"", ""застилать"", ""застлало"", ""застлать"", ""перебегать"", ""расходиться""], ""frequency"": 6, ""part_of_speech"": ""VERB_HEAD""}, {""examples"": [""появиться"", ""расходиться"", ""стоять""], ""frequency"": 3, ""part_of_speech"": ""VERB_CHILD""}, {""examples"": [""в"", ""и""], ""frequency"": 2, ""part_of_speech"": ""OTHER""}, {""examples"": [""пароход (Gen)"", ""порох (Gen)""], ""frequency"": 2, ""part_of_speech"": ""NOUN""}, {""examples"": [""близкий""], ""frequency"": 1, ""part_of_speech"": ""ADV""}], ""top_pos_букет"": [{""examples"": [""больший""], ""frequency"": 1, ""part_of_speech"": ""ADJ""}, {""examples"": [""с""], ""frequency"": 1, ""part_of_speech"": ""OTHER""}, {""examples"": [""возвращаться""], ""frequency"": 1, ""part_of_speech"": ""VERB_HEAD""}], ""top_pos_запах"": [{""examples"": [""гошпитальным"", ""особенный"", ""тяжёлый"", ""ужасный""], ""frequency"": 4, ""part_of_speech"": ""ADJ""}, {""examples"": [""–"", ""и"", ""от""], ""frequency"": 3, ""part_of_speech"": ""OTHER""}, {""examples"": [""закрыть"", ""наполнять"", ""поражать""], ""frequency"": 3, ""part_of_speech"": ""VERB_HEAD""}, {""examples"": [""сорока (Gen)"", ""тело (Gen)"", ""уголь (Gen)""], ""frequency"": 3, ""part_of_speech"": ""NOUN""}, {""examples"": [""наносить""], ""frequency"": 1, ""part_of_speech"": ""VERB_CHILD""}, {""examples"": [""это""], ""frequency"": 1, ""part_of_speech"": ""PRON""}], ""top_pos_навоз"": null, ""top_pos_смрад"": [{""examples"": [""какой"", ""то""], ""frequency"": 2, ""part_of_speech"": ""OTHER""}, {""examples"": [""гореть""], ""frequency"": 1, ""part_of_speech"": ""VERB_CHILD""}, {""examples"": [""особенный""], ""frequency"": 1, ""part_of_speech"": ""ADJ""}, {""examples"": [""производить""], ""frequency"": 1, ""part_of_speech"": ""VERB_HEAD""}]}"
4,"Братья Карамазовы","Фёдор Михайлович Достоевский",1878,"19361","15","0.08","[{""count"": 3, ""token"": ""фимиам""}, {""count"": 2, ""token"": ""дух""}, {""count"": 2, ""token"": ""смрад""}, {""count"": 2, ""token"": ""благоухание""}, {""count"": 2, ""token"": ""ладан""}, {""count"": 1, ""token"": ""запах""}, {""count"": 1, ""token"": ""вонь""}, {""count"": 1, ""token"": ""букет""}, {""count"": 1, ""token"": ""душок""}, {""count"": 1, ""token"": ""дым""}]","2.20","{""top_pos_дух"": [{""examples"": [""замерзать""], ""frequency"": 1, ""part_of_speech"": ""VERB_HEAD""}, {""examples"": [""на""], ""frequency"": 1, ""part_of_speech"": ""OTHER""}], ""top_pos_дым"": [{""examples"": [""в""], ""frequency"": 1, ""part_of_speech"": ""OTHER""}, {""examples"": [""прах (Loc)""], ""frequency"": 1, ""part_of_speech"": ""NOUN""}], ""top_pos_вонь"": [{""examples"": [""в"", ""ли""], ""frequency"": 2, ""part_of_speech"": ""OTHER""}, {""examples"": [""попасть""], ""frequency"": 1, ""part_of_speech"": ""VERB_HEAD""}], ""top_pos_букет"": [{""examples"": [""роза (Gen)""], ""frequency"": 1, ""part_of_speech"": ""NOUN""}, {""examples"": [""она""], ""frequency"": 1, ""part_of_speech"": ""OTHER""}], ""top_pos_душок"": [{""examples"": [""завестись""], ""frequency"": 1, ""part_of_speech"": ""VERB_HEAD""}, {""examples"": [""вольный""], ""frequency"": 1, ""part_of_speech"": ""ADJ""}], ""top_pos_запах"": [{""examples"": [""кухонный""], ""frequency"": 1, ""part_of_speech"": ""ADJ""}, {""examples"": [""любить""], ""frequency"": 1, ""part_of_speech"": ""VERB_HEAD""}], ""top_pos_ладан"": [{""examples"": [""дышавший"", ""дышать""], ""frequency"": 2, ""part_of_speech"": ""VERB_HEAD""}, {""examples"": [""на""], ""frequency"": 1, ""part_of_speech"": ""OTHER""}], ""top_pos_смрад"": [{""examples"": [""на"", ""среди""], ""frequency"": 2, ""part_of_speech"": ""OTHER""}, {""examples"": [""вид (Nom)"", ""грех (Gen)""], ""frequency"": 2, ""part_of_speech"": ""NOUN""}, {""examples"": [""видеть""], ""frequency"": 1, ""part_of_speech"": ""VERB_HEAD""}, {""examples"": [""несмотря""], ""frequency"": 1, ""part_of_speech"": ""ADV""}], ""top_pos_фимиам"": [{""examples"": [""возносился"", ""исправиться"", ""таял""], ""frequency"": 3, ""part_of_speech"": ""VERB_HEAD""}, {""examples"": [""и""], ""frequency"": 1, ""part_of_speech"": ""OTHER""}, {""examples"": [""снова""], ""frequency"": 1, ""part_of_speech"": ""ADV""}, {""examples"": [""кадила (Gen)""], ""frequency"": 1, ""part_of_speech"": ""NOUN""}], ""top_pos_благоухание"": [{""examples"": [""осязаться"", ""точиться""], ""frequency"": 2, ""part_of_speech"": ""VERB_HEAD""}, {""examples"": [""явственно""], ""frequency"": 1, ""part_of_speech"": ""ADV""}]}"
5,"Преступление и наказание","Фёдор Михайлович Достоевский",1865,"13698","18","0.13","[{""count"": 7, ""token"": ""вонь""}, {""count"": 5, ""token"": ""дым""}, {""count"": 5, ""token"": ""запах""}, {""count"": 2, ""token"": ""зловоние""}, {""count"": 1, ""token"": ""букет""}, {""count"": 1, ""token"": ""дух""}]","2.33","{""top_pos_дух"": [{""examples"": [""быть"", ""одарить""], ""frequency"": 2, ""part_of_speech"": ""VERB_CHILD""}, {""examples"": [""существо (Nom)""], ""frequency"": 1, ""part_of_speech"": ""NOUN""}, {""examples"": [""но""], ""frequency"": 1, ""part_of_speech"": ""OTHER""}], ""top_pos_дым"": [{""examples"": [""восходил"", ""звенит"", ""пройти""], ""frequency"": 3, ""part_of_speech"": ""VERB_HEAD""}, {""examples"": [""кадильный"", ""табачный""], ""frequency"": 2, ""part_of_speech"": ""ADJ""}, {""examples"": [""врывавшихся""], ""frequency"": 1, ""part_of_speech"": ""VERB_CHILD""}, {""examples"": [""туман (Nom)""], ""frequency"": 1, ""part_of_speech"": ""NOUN""}, {""examples"": [""так""], ""frequency"": 1, ""part_of_speech"": ""ADV""}], ""top_pos_вонь"": [{""examples"": [""известный"", ""летний"", ""нестерпимый"", ""особенный"", ""пьяный"", ""распивочный""], ""frequency"": 6, ""part_of_speech"": ""ADJ""}, {""examples"": [""и"", ""тот""], ""frequency"": 2, ""part_of_speech"": ""OTHER""}, {""examples"": [""лавочка (Gen)"", ""множество (Acc)""], ""frequency"": 2, ""part_of_speech"": ""NOUN""}, {""examples"": [""довершили""], ""frequency"": 1, ""part_of_speech"": ""VERB_HEAD""}, {""examples"": [""распивочных""], ""frequency"": 1, ""part_of_speech"": ""VERB_CHILD""}, {""examples"": [""опять""], ""frequency"": 1, ""part_of_speech"": ""ADV""}], ""top_pos_букет"": [{""examples"": [""нарцизов (Gen)""], ""frequency"": 1, ""part_of_speech"": ""NOUN""}], ""top_pos_запах"": [{""examples"": [""ароматный"", ""винный"", ""знакомый"", ""противный"", ""сильный""], ""frequency"": 5, ""part_of_speech"": ""ADJ""}, {""examples"": [""пахнуть"", ""пропитать""], ""frequency"": 2, ""part_of_speech"": ""VERB_HEAD""}, {""examples"": [""лавочка (Loc)"", ""сигара (Gen)""], ""frequency"": 2, ""part_of_speech"": ""NOUN""}, {""examples"": [""и"", ""с""], ""frequency"": 2, ""part_of_speech"": ""OTHER""}], ""top_pos_зловоние"": [{""examples"": [""фонтанка""], ""frequency"": 1, ""part_of_speech"": ""OTHER""}]}"
6,"Идиот","Фёдор Михайлович Достоевский",1868,"13907","8","0.06","[{""count"": 6, ""token"": ""букет""}, {""count"": 3, ""token"": ""дым""}]","1.75","{""top_pos_дым"": [{""examples"": [""поднять"", ""разлетевшейся""], ""frequency"": 2, ""part_of_speech"": ""VERB_HEAD""}, {""examples"": [""мечта (Gen)""], ""frequency"": 1, ""part_of_speech"": ""NOUN""}], ""top_pos_букет"": [{""examples"": [""достать"", ""жить"", ""посылать"", ""приехать"", ""промыслить""], ""frequency"": 5, ""part_of_speech"": ""VERB_HEAD""}, {""examples"": [""камелия (Gen)"", ""пробуждение (Dat)""], ""frequency"": 2, ""part_of_speech"": ""NOUN""}, {""examples"": [""с"", ""этот""], ""frequency"": 2, ""part_of_speech"": ""OTHER""}, {""examples"": [""знать""], ""frequency"": 1, ""part_of_speech"": ""VERB_CHILD""}, {""examples"": [""белый""], ""frequency"": 1, ""part_of_speech"": ""ADJ""}]}"
7,"Отцы и дет","Иван Сергеевич Тургенев",1860,"4935","15","0.30","[{""count"": 8, ""token"": ""запах""}, {""count"": 3, ""token"": ""одеколон""}, {""count"": 2, ""token"": ""букет""}, {""count"": 2, ""token"": ""дым""}, {""count"": 1, ""token"": ""фимиам""}]","2.67","{""top_pos_дым"": [{""examples"": [""закружиться""], ""frequency"": 1, ""part_of_speech"": ""VERB_HEAD""}, {""examples"": [""сигарочный""], ""frequency"": 1, ""part_of_speech"": ""ADJ""}, {""examples"": [""труба (Ins)""], ""frequency"": 1, ""part_of_speech"": ""NOUN""}, {""examples"": [""от""], ""frequency"": 1, ""part_of_speech"": ""OTHER""}], ""top_pos_букет"": [{""examples"": [""сирени (Gen)""], ""frequency"": 1, ""part_of_speech"": ""NOUN""}, {""examples"": [""больший""], ""frequency"": 1, ""part_of_speech"": ""ADJ""}, {""examples"": [""между""], ""frequency"": 1, ""part_of_speech"": ""OTHER""}, {""examples"": [""вязать""], ""frequency"": 1, ""part_of_speech"": ""VERB_HEAD""}], ""top_pos_запах"": [{""examples"": [""дурной"", ""крепкий"", ""медицинско"", ""приёмный"", ""приличный"", ""свежий"", ""хирургический""], ""frequency"": 7, ""part_of_speech"": ""ADJ""}, {""examples"": [""и"", ""как"", ""какой"", ""с"", ""такой"", ""то""], ""frequency"": 6, ""part_of_speech"": ""OTHER""}, {""examples"": [""несло"", ""пахнуть"", ""подействовать"", ""распространять"", ""смешать"", ""установиться""], ""frequency"": 6, ""part_of_speech"": ""VERB_HEAD""}, {""examples"": [""воздух (Gen)"", ""звук (Acc)"", ""табак (Dat)"", ""хлеб (Gen)""], ""frequency"": 4, ""part_of_speech"": ""NOUN""}, {""examples"": [""смешать""], ""frequency"": 1, ""part_of_speech"": ""VERB_CHILD""}, {""examples"": [""них""], ""frequency"": 1, ""part_of_speech"": ""PRON""}], ""top_pos_фимиам"": [{""examples"": [""губернский""], ""frequency"": 1, ""part_of_speech"": ""ADJ""}], ""top_pos_одеколон"": [{""examples"": [""курить"", ""нюхать"", ""помочить""], ""frequency"": 3, ""part_of_speech"": ""VERB_HEAD""}]}"
8,"Дворянское гнездо","Иван Сергеевич Тургенев",1860,"3084","12","0.39","[{""count"": 7, ""token"": ""запах""}, {""count"": 3, ""token"": ""одеколон""}, {""count"": 3, ""token"": ""дух""}, {""count"": 3, ""token"": ""ладан""}, {""count"": 1, ""token"": ""дым""}]","2.92","{""top_pos_дух"": [{""examples"": [""английский"", ""новый""], ""frequency"": 2, ""part_of_speech"": ""ADJ""}, {""examples"": [""40"", ""с""], ""frequency"": 2, ""part_of_speech"": ""OTHER""}, {""examples"": [""королева (Gen)""], ""frequency"": 1, ""part_of_speech"": ""NOUN""}], ""top_pos_дым"": [{""examples"": [""в"", ""какой"", ""то""], ""frequency"": 3, ""part_of_speech"": ""OTHER""}, {""examples"": [""исчезать""], ""frequency"": 1, ""part_of_speech"": ""VERB_HEAD""}, {""examples"": [""светлый""], ""frequency"": 1, ""part_of_speech"": ""ADJ""}], ""top_pos_запах"": [{""examples"": [""крепкий"", ""мягкий"", ""первый"", ""подобный"", ""противный"", ""тонкий""], ""frequency"": 6, ""part_of_speech"": ""ADJ""}, {""examples"": [""дерево (Gen)"", ""ладан (Dat)"", ""пачули (Gen)"", ""прелесть (Ins)"", ""трава (Gen)""], ""frequency"": 5, ""part_of_speech"": ""NOUN""}, {""examples"": [""как"", ""какой"", ""такой"", ""то""], ""frequency"": 4, ""part_of_speech"": ""OTHER""}, {""examples"": [""то"", ""что""], ""frequency"": 2, ""part_of_speech"": ""PRON""}, {""examples"": [""веять"", ""распространять""], ""frequency"": 2, ""part_of_speech"": ""VERB_HEAD""}, {""examples"": [""стоять""], ""frequency"": 1, ""part_of_speech"": ""VERB_CHILD""}], ""top_pos_ладан"": [{""examples"": [""запахнуть""], ""frequency"": 1, ""part_of_speech"": ""VERB_HEAD""}], ""top_pos_одеколон"": [{""examples"": [""нюхала"", ""пахнуть"", ""понюхала""], ""frequency"": 3, ""part_of_speech"": ""VERB_HEAD""}, {""examples"": [""мята (Ins)""], ""frequency"": 1, ""part_of_speech"": ""NOUN""}]}"
9,"Дым","Иван Сергеевич Тургенев",1865,"3290","31","0.94","[{""count"": 25, ""token"": ""дым""}, {""count"": 12, ""token"": ""запах""}, {""count"": 11, ""token"": ""букет""}, {""count"": 1, ""token"": ""дуновение""}]","2.94","{""top_pos_дым"": [{""examples"": [""вспомнились"", ""вспомнился"", ""думать"", ""переменится"", ""повторить"", ""повторять"", ""показаться"", ""следить"", ""стоять"", ""хлынет""], ""frequency"": 10, ""part_of_speech"": ""VERB_HEAD""}, {""examples"": [""\n\n"", ""в"", ""весь"", ""дым"", ""за"", ""от"", ""этот""], ""frequency"": 7, ""part_of_speech"": ""OTHER""}, {""examples"": [""голова (Dat)"", ""дым (Nom)"", ""пара (Gen)"", ""пачули (Acc)"", ""сигара (Gen)""], ""frequency"": 5, ""part_of_speech"": ""NOUN""}, {""examples"": [""i"", ""сигарный"", ""табачный""], ""frequency"": 3, ""part_of_speech"": ""ADJ""}, {""examples"": [""отличнейшего"", ""шептать""], ""frequency"": 2, ""part_of_speech"": ""VERB_CHILD""}, {""examples"": [""ничто""], ""frequency"": 1, ""part_of_speech"": ""PRON""}], ""top_pos_букет"": [{""examples"": [""благодарить"", ""взять"", ""возьмете"", ""выбрать"", ""глянуть"", ""добреть"", ""подать"", ""поднеся"", ""увидеть""], ""frequency"": 9, ""part_of_speech"": ""VERB_HEAD""}, {""examples"": [""quon"", ""ваш"", ""до"", ""за"", ""какой"", ""на""], ""frequency"": 6, ""part_of_speech"": ""OTHER""}, {""examples"": [""гелиотроп (Gen)"", ""фиалка (Gen)"", ""цвет (Gen)""], ""frequency"": 3, ""part_of_speech"": ""NOUN""}, {""examples"": [""большой"", ""крошечный""], ""frequency"": 2, ""part_of_speech"": ""ADJ""}, {""examples"": [""распуститься""], ""frequency"": 1, ""part_of_speech"": ""VERB_CHILD""}], ""top_pos_запах"": [{""examples"": [""благопристойный"", ""гвардейский"", ""дворянски"", ""дворянский"", ""женский"", ""неотступный"", ""отменный"", ""сильный"", ""томительный"", ""тонкий"", ""тяжёлый""], ""frequency"": 11, ""part_of_speech"": ""ADJ""}, {""examples"": [""впивать"", ""давать"", ""любить"", ""повеять"", ""поразить"", ""предшествуемый"", ""продушить"", ""разлит""], ""frequency"": 8, ""part_of_speech"": ""VERB_HEAD""}, {""examples"": [""амбра (Gen)"", ""волос (Gen)"", ""капуста (Gen)"", ""смесь (Ins)"", ""цвет (Gen)""], ""frequency"": 5, ""part_of_speech"": ""NOUN""}, {""examples"": [""как"", ""какой"", ""то"", ""тот"", ""этот""], ""frequency"": 5, ""part_of_speech"": ""OTHER""}], ""top_pos_дуновение"": [{""examples"": [""идти""], ""frequency"": 1, ""part_of_speech"": ""VERB_HEAD""}]}"
10,"Тихий Дон","Михаил Александрович Шолохов",1925,"19969","131","0.66","[{""count"": 85, ""token"": ""запах""}, {""count"": 42, ""token"": ""дым""}, {""count"": 9, ""token"": ""навоз""}, {""count"": 8, ""token"": ""аромат""}, {""count"": 2, ""token"": ""одеколон""}, {""count"": 2, ""token"": ""перегар""}, {""count"": 2, ""token"": ""душок""}, {""count"": 1, ""token"": ""вонять""}, {""count"": 1, ""token"": ""чадить""}, {""count"": 1, ""token"": ""вонь""}]","2.69","{""top_pos_дым"": [{""examples"": [""вился"", ""висеть"", ""вставать"", ""выскакивал"", ""глотнуть"", ""лохматиться"", ""наводнять"", ""напиваться"", ""овеять"", ""одеть"", ""окрасить"", ""относя"", ""пластался"", ""пожелтеть"", ""покашливать"", ""поперхнулся"", ""проговорить"", ""проходить"", ""процеживать"", ""рассасывался"", ""сея"", ""сидеть"", ""стлался"", ""струиться"", ""схватится"", ""таял"", ""тянуло""], ""frequency"": 27, ""part_of_speech"": ""VERB_HEAD""}, {""examples"": [""безрукий"", ""бурый"", ""вдыхая"", ""глотая"", ""горький"", ""едучий"", ""кизячного"", ""кизячный"", ""лиловый"", ""махорочный"", ""папиросный"", ""пороховой"", ""рудый"", ""сизый"", ""синий"", ""табачный"", ""терпкий"", ""трубный""], ""frequency"": 18, ""part_of_speech"": ""ADJ""}, {""examples"": [""в"", ""и"", ""из"", ""мишка"", ""не"", ""от"", ""с""], ""frequency"": 7, ""part_of_speech"": ""OTHER""}, {""examples"": [""война (Gen)"", ""курень (Gen)"", ""ракета (Gen)"", ""стыд (Nom)""], ""frequency"": 4, ""part_of_speech"": ""NOUN""}, {""examples"": [""выползавший"", ""закутать""], ""frequency"": 2, ""part_of_speech"": ""VERB_CHILD""}], ""top_pos_вонь"": [{""examples"": [""наряд (Gen)""], ""frequency"": 1, ""part_of_speech"": ""NOUN""}, {""examples"": [""могильный""], ""frequency"": 1, ""part_of_speech"": ""ADJ""}], ""top_pos_душок"": [{""examples"": [""затхлый"", ""острый""], ""frequency"": 2, ""part_of_speech"": ""ADJ""}, {""examples"": [""принести"", ""сближать""], ""frequency"": 2, ""part_of_speech"": ""VERB_HEAD""}, {""examples"": [""опасность (Gen)"", ""подхалимство (Gen)""], ""frequency"": 2, ""part_of_speech"": ""NOUN""}], ""top_pos_запах"": [{""examples"": [""баз (Gen)"", ""вид (Nom)"", ""вода (Gen)"", ""война (Gen)"", ""гарь (Gen)"", ""горечь (Ins)"", ""грудь (Ins)"", ""губа (Gen)"", ""дождь (Gen)"", ""донник (Gen)"", ""дух (Gen)"", ""дух (Nom)"", ""душок (Ins)"", ""дым (Gen)"", ""здоровье (Gen)"", ""испражнение (Gen)"", ""кал (Gen)"", ""кислота (Gen)"", ""ковыля (Acc)"", ""краска (Gen)"", ""кровь (Gen)"", ""кухня (Acc)"", ""кушанье (Gen)"", ""лист (Gen)"", ""листва (Gen)"", ""мертвечина (Gen)"", ""мороз (Gen)"", ""моча (Gen)"", ""мочажинника (Gen)"", ""мыло (Gen)"", ""навоз (Gen)"", ""нога (Gen)"", ""овчина (Gen)"", ""окрик (Nom)"", ""падалица (Gen)"", ""петух (Gen)"", ""платок (Nom)"", ""полынок (Gen)"", ""помещение (Gen)"", ""порох (Gen)"", ""пот (Gen)"", ""почуяв (Nom)"", ""прели (Acc)"", ""ржавчина (Gen)"", ""рот (Gen)"", ""сена (Gen)"", ""смесь (Ins)"", ""солома (Gen)"", ""спальня (Gen)"", ""сургуч (Gen)"", ""сухмень (Ins)"", ""сырость (Gen)"", ""тлен (Gen)"", ""трава (Gen)"", ""упряжь (Gen)"", ""хворост (Gen)"", ""хмелин (Acc)"", ""холостяк (Gen)"", ""час (Acc)"", ""шлак (Gen)"", ""юбка (Gen)""], ""frequency"": 61, ""part_of_speech"": ""NOUN""}, {""examples"": [""бархатистый"", ""бражный"", ""васильковый"", ""горький"", ""горячий"", ""грустный"", ""густой"", ""далёкий"", ""живительный"", ""знакомый"", ""махорочный"", ""медовый"", ""мягкий"", ""неведомый"", ""невнятный"", ""непередаваемый"", ""несуществующий"", ""особый"", ""острый"", ""парный"", ""паутинный"", ""плодовый"", ""последний"", ""пресный"", ""прогорклый"", ""противный"", ""пряный"", ""различный"", ""разнородный"", ""серный"", ""сладкий"", ""смачный"", ""смешанный"", ""смолистый"", ""сочный"", ""терпкий"", ""томлёный"", ""трупный"", ""тяжкий"", ""чуявших""], ""frequency"": 40, ""part_of_speech"": ""ADJ""}, {""examples"": [""бить"", ""вдыхать"", ""веять"", ""вклиниться"", ""волновать"", ""глушить"", ""дегустировать"", ""доносившему"", ""доносить"", ""дышать"", ""излучать"", ""иметь"", ""мешаться"", ""морщить"", ""насытить"", ""насыщать"", ""нести"", ""обдать"", ""остаться"", ""ощутить"", ""ощущая"", ""пахнуть"", ""пить"", ""подползал"", ""поили"", ""почувствовать"", ""принести"", ""пьянить"", ""разило"", ""сидеть"", ""смешивался"", ""собираться"", ""таить"", ""ударить"", ""хотеться"", ""хранить""], ""frequency"": 36, ""part_of_speech"": ""VERB_HEAD""}, {""examples"": [""—"", ""без"", ""вокруг"", ""всякий"", ""даже"", ""и"", ""какой"", ""нар"", ""он"", ""она"", ""от"", ""с"", ""свой"", ""такой"", ""то"", ""этот""], ""frequency"": 16, ""part_of_speech"": ""OTHER""}, {""examples"": [""волновать"", ""выпавшей"", ""исходить"", ""предугадывавших"", ""принимать"", ""присущего"", ""присущей"", ""свонявшимся"", ""сена"", ""увядшим""], ""frequency"": 10, ""part_of_speech"": ""VERB_CHILD""}, {""examples"": [""тек"", ""это""], ""frequency"": 2, ""part_of_speech"": ""PRON""}], ""top_pos_навоз"": [{""examples"": [""гущи (Nom)"", ""загребет (Acc)"", ""ладонь (Gen)"", ""расея (Nom)"", ""сена (Gen)""], ""frequency"": 5, ""part_of_speech"": ""NOUN""}, {""examples"": [""копаться"", ""пахнуть"", ""провонять""], ""frequency"": 3, ""part_of_speech"": ""VERB_HEAD""}, {""examples"": [""в"", ""с""], ""frequency"": 2, ""part_of_speech"": ""OTHER""}, {""examples"": [""парный""], ""frequency"": 1, ""part_of_speech"": ""ADJ""}, {""examples"": [""нас""], ""frequency"": 1, ""part_of_speech"": ""PRON""}], ""top_pos_аромат"": [{""examples"": [""волнующий"", ""дурманящий"", ""жирный"", ""многообразный"", ""невнятный"", ""необыкновенный"", ""пресный"", ""тонкий"", ""тягучий""], ""frequency"": 9, ""part_of_speech"": ""ADJ""}, {""examples"": [""глушить"", ""излучать"", ""принюхивался"", ""разбудить"", ""утратить""], ""frequency"": 5, ""part_of_speech"": ""VERB_HEAD""}, {""examples"": [""волос (Gen)"", ""сырость (Gen)"", ""трава (Gen)"", ""травка (Gen)""], ""frequency"": 4, ""part_of_speech"": ""NOUN""}, {""examples"": [""К"", ""они""], ""frequency"": 2, ""part_of_speech"": ""OTHER""}, {""examples"": [""расставить""], ""frequency"": 1, ""part_of_speech"": ""VERB_CHILD""}], ""top_pos_вонять"": [{""examples"": [""быть"", ""не""], ""frequency"": 2, ""part_of_speech"": ""OTHER""}, {""examples"": [""оно""], ""frequency"": 1, ""part_of_speech"": ""PRON""}, {""examples"": [""тронь""], ""frequency"": 1, ""part_of_speech"": ""VERB_HEAD""}], ""top_pos_чадить"": [{""examples"": [""нечего""], ""frequency"": 1, ""part_of_speech"": ""VERB_HEAD""}], ""top_pos_перегар"": [{""examples"": [""пахнуть""], ""frequency"": 1, ""part_of_speech"": ""VERB_HEAD""}, {""examples"": [""бензин (Gen)""], ""frequency"": 1, ""part_of_speech"": ""NOUN""}, {""examples"": [""махорочный""], ""frequency"": 1, ""part_of_speech"": ""ADJ""}], ""top_pos_одеколон"": [{""examples"": [""обливать""], ""frequency"": 1, ""part_of_speech"": ""VERB_HEAD""}]}"
11,"Конармия","Исаак Эммануилович Бабель",1923,"6709","32","0.48","[{""count"": 13, ""token"": ""дым""}, {""count"": 9, ""token"": ""запах""}, {""count"": 4, ""token"": ""навоз""}, {""count"": 3, ""token"": ""вонь""}, {""count"": 2, ""token"": ""дуновение""}, {""count"": 1, ""token"": ""дух""}, {""count"": 1, ""token"": ""аромат""}, {""count"": 1, ""token"": ""зловоние""}]","2.47","{""top_pos_дух"": [{""examples"": [""как""], ""frequency"": 1, ""part_of_speech"": ""OTHER""}], ""top_pos_дым"": [{""examples"": [""бродить"", ""кончиться"", ""обволакивать"", ""обкурить"", ""окружать"", ""охрипнуть"", ""плыть"", ""рассеяться"", ""увидеть""], ""frequency"": 9, ""part_of_speech"": ""VERB_HEAD""}, {""examples"": [""варварство (Loc)"", ""вечер (Gen)"", ""изба (Ins)"", ""печаль (Gen)"", ""убийство (Gen)""], ""frequency"": 5, ""part_of_speech"": ""NOUN""}, {""examples"": [""густой"", ""красный"", ""розовый"", ""тошнотворный""], ""frequency"": 4, ""part_of_speech"": ""ADJ""}, {""examples"": [""в"", ""и"", ""как""], ""frequency"": 3, ""part_of_speech"": ""OTHER""}], ""top_pos_вонь"": [{""examples"": [""горячий"", ""едкий"", ""ночной"", ""сырой""], ""frequency"": 4, ""part_of_speech"": ""ADJ""}, {""examples"": [""какой"", ""то""], ""frequency"": 2, ""part_of_speech"": ""OTHER""}, {""examples"": [""испражнение (Gen)"", ""ребёнок (Gen)""], ""frequency"": 2, ""part_of_speech"": ""NOUN""}, {""examples"": [""дышать"", ""заполнять""], ""frequency"": 2, ""part_of_speech"": ""VERB_HEAD""}], ""top_pos_запах"": [{""examples"": [""варят"", ""вдыхать"", ""дышать"", ""катиться"", ""нести"", ""обволакивать""], ""frequency"": 6, ""part_of_speech"": ""VERB_HEAD""}, {""examples"": [""кровь (Gen)"", ""лилия (Gen)"", ""навоз (Gen)"", ""селёдка (Gen)"", ""тление (Gen)""], ""frequency"": 5, ""part_of_speech"": ""NOUN""}, {""examples"": [""лёгкий"", ""смрадный""], ""frequency"": 2, ""part_of_speech"": ""ADJ""}, {""examples"": [""европа""], ""frequency"": 1, ""part_of_speech"": ""OTHER""}, {""examples"": [""великолепный""], ""frequency"": 1, ""part_of_speech"": ""VERB_CHILD""}], ""top_pos_навоз"": [{""examples"": [""история (Gen)"", ""скотина (Gen)"", ""славянин (Nom)"", ""солнце (Gen)""], ""frequency"": 4, ""part_of_speech"": ""NOUN""}, {""examples"": [""—"", ""в"", ""и""], ""frequency"": 3, ""part_of_speech"": ""OTHER""}, {""examples"": [""спать""], ""frequency"": 1, ""part_of_speech"": ""VERB_CHILD""}, {""examples"": [""разостлать""], ""frequency"": 1, ""part_of_speech"": ""VERB_HEAD""}], ""top_pos_аромат"": [{""examples"": [""лился""], ""frequency"": 1, ""part_of_speech"": ""VERB_HEAD""}, {""examples"": [""мертвенный""], ""frequency"": 1, ""part_of_speech"": ""ADJ""}, {""examples"": [""парча (Gen)""], ""frequency"": 1, ""part_of_speech"": ""NOUN""}], ""top_pos_зловоние"": [{""examples"": [""злой"", ""словесный""], ""frequency"": 2, ""part_of_speech"": ""ADJ""}, {""examples"": [""вести""], ""frequency"": 1, ""part_of_speech"": ""VERB_HEAD""}], ""top_pos_дуновение"": [{""examples"": [""услышать""], ""frequency"": 1, ""part_of_speech"": ""VERB_HEAD""}, {""examples"": [""отдалённый""], ""frequency"": 1, ""part_of_speech"": ""ADJ""}, {""examples"": [""стон (Gen)""], ""frequency"": 1, ""part_of_speech"": ""NOUN""}]}"
12,"Мать","Максим Горький",1906,"8259","18","0.22","[{""count"": 11, ""token"": ""дым""}, {""count"": 9, ""token"": ""запах""}, {""count"": 1, ""token"": ""навоз""}, {""count"": 1, ""token"": ""аромат""}, {""count"": 1, ""token"": ""дуновение""}, {""count"": 1, ""token"": ""вонять""}]","2.56","{""top_pos_дым"": [{""examples"": [""запахнуть"", ""затягиваться"", ""оделось"", ""сказать""], ""frequency"": 4, ""part_of_speech"": ""VERB_HEAD""}, {""examples"": [""женщина (Gen)"", ""папиросы (Acc)"", ""страх (Gen)""], ""frequency"": 3, ""part_of_speech"": ""NOUN""}, {""examples"": [""и"", ""от""], ""frequency"": 2, ""part_of_speech"": ""OTHER""}, {""examples"": [""едкий""], ""frequency"": 1, ""part_of_speech"": ""ADJ""}], ""top_pos_запах"": [{""examples"": [""бить"", ""вдыхать"", ""кружиться"", ""наполнять"", ""носиться"", ""распространять"", ""сливался""], ""frequency"": 7, ""part_of_speech"": ""VERB_HEAD""}, {""examples"": [""аптека (Gen)"", ""дёготь (Gen)"", ""лес (Gen)"", ""лист (Gen)"", ""масло (Gen)"", ""ржавчина (Gen)"", ""табак (Dat)""], ""frequency"": 7, ""part_of_speech"": ""NOUN""}, {""examples"": [""душный"", ""здоровый"", ""липкий"", ""пряный"", ""смешанный""], ""frequency"": 5, ""part_of_speech"": ""ADJ""}, {""examples"": [""и"", ""от"", ""с""], ""frequency"": 3, ""part_of_speech"": ""OTHER""}], ""top_pos_навоз"": [{""examples"": [""поднять""], ""frequency"": 1, ""part_of_speech"": ""VERB_HEAD""}, {""examples"": [""вилы (Acc)""], ""frequency"": 1, ""part_of_speech"": ""NOUN""}], ""top_pos_аромат"": [{""examples"": [""тяжёлый""], ""frequency"": 1, ""part_of_speech"": ""ADJ""}, {""examples"": [""дегтя""], ""frequency"": 1, ""part_of_speech"": ""OTHER""}, {""examples"": [""сливался""], ""frequency"": 1, ""part_of_speech"": ""VERB_HEAD""}], ""top_pos_вонять"": [{""examples"": [""быть""], ""frequency"": 1, ""part_of_speech"": ""OTHER""}, {""examples"": [""бормотал""], ""frequency"": 1, ""part_of_speech"": ""VERB_HEAD""}, {""examples"": [""вас""], ""frequency"": 1, ""part_of_speech"": ""PRON""}, {""examples"": [""теперь""], ""frequency"": 1, ""part_of_speech"": ""ADV""}, {""examples"": [""дёготь (Ins)""], ""frequency"": 1, ""part_of_speech"": ""NOUN""}], ""top_pos_дуновение"": [{""examples"": [""коснуться""], ""frequency"": 1, ""part_of_speech"": ""VERB_HEAD""}, {""examples"": [""сила (Gen)""], ""frequency"": 1, ""part_of_speech"": ""NOUN""}]}"
13,"Жизнь Клима Самгина","Максим Горький",1937,"42251","293","0.69","[{""count"": 176, ""token"": ""дым""}, {""count"": 160, ""token"": ""запах""}, {""count"": 7, ""token"": ""одеколон""}, {""count"": 7, ""token"": ""навоз""}, {""count"": 5, ""token"": ""букет""}, {""count"": 3, ""token"": ""дух""}, {""count"": 3, ""token"": ""чадо""}, {""count"": 2, ""token"": ""аромат""}, {""count"": 2, ""token"": ""вонь""}, {""count"": 2, ""token"": ""испарение""}, {""count"": 1, ""token"": ""чадить""}, {""count"": 1, ""token"": ""дерьмо""}]","2.41","{""top_pos_дух"": [{""examples"": [""мочь"", ""щипать""], ""frequency"": 2, ""part_of_speech"": ""VERB_HEAD""}, {""examples"": [""и"", ""такой""], ""frequency"": 2, ""part_of_speech"": ""OTHER""}, {""examples"": [""женщина (Nom)""], ""frequency"": 1, ""part_of_speech"": ""NOUN""}, {""examples"": [""крепкий""], ""frequency"": 1, ""part_of_speech"": ""ADJ""}], ""top_pos_дым"": [{""examples"": [""будет"", ""быть"", ""вздыматься"", ""видеть"", ""вливаться"", ""втискивался"", ""втягивать"", ""выдул"", ""выплывать"", ""глотать"", ""глядеть"", ""дымил"", ""дымилась"", ""дымиться"", ""дышать"", ""заглатывать"", ""заглушал"", ""заклубиться"", ""закоптить"", ""закрыть"", ""заставлять"", ""застилать"", ""затенить"", ""затянувшись"", ""захлебнуться"", ""идти"", ""извергать"", ""иметь"", ""исчезнуть"", ""казаться"", ""курились"", ""курить"", ""любить"", ""морщась"", ""напитать"", ""наполнить"", ""обдать"", ""облекать"", ""обнять"", ""обыкновенен"", ""окрашивался"", ""окутывал"", ""окутывать"", ""опускаться"", ""отмахивать"", ""отмахиваться"", ""отмахнуться"", ""отражаться"", ""пахнуть"", ""пелена"", ""плавать"", ""погрузиться"", ""подниматься"", ""подняться"", ""пожелтеть"", ""ползал"", ""ползли"", ""посматривать"", ""посмотреть"", ""почувствовать"", ""пускать"", ""разболеться"", ""разгонять"", ""расплыться"", ""расползался"", ""рассматривать"", ""рождаться"", ""сгущать"", ""сделать"", ""синеватой"", ""сливаться"", ""справься"", ""спрятать"", ""становиться"", ""стать"", ""стирал"", ""стоять""], ""frequency"": 77, ""part_of_speech"": ""VERB_HEAD""}, {""examples"": [""воздух (Nom)"", ""вонь (Nom)"", ""голова (Ins)"", ""догадка (Gen)"", ""дым (Nom)"", ""запах (Gen)"", ""запах (Nom)"", ""искоса (Nom)"", ""лужа (Gen)"", ""махорка (Gen)"", ""отечество (Gen)"", ""папирос (Nom)"", ""папироса (Gen)"", ""папиросы (Acc)"", ""папиросы (Nom)"", ""пароход (Gen)"", ""печаль (Gen)"", ""пыль (Nom)"", ""река (Ins)"", ""речь (Gen)"", ""сигара (Gen)"", ""скука (Gen)"", ""снег (Gen)"", ""средина (Acc)"", ""табак (Gen)"", ""тление (Gen)"", ""труба (Gen)"", ""фабрика (Gen)"", ""чувство (Nom)""], ""frequency"": 29, ""part_of_speech"": ""NOUN""}, {""examples"": [""бархатный"", ""белый"", ""бесцветный"", ""голубой"", ""горький"", ""густой"", ""другой"", ""едкий"", ""жидкий"", ""жирненький"", ""зеленоватый"", ""крепкий"", ""невидимый"", ""розоватый"", ""серый"", ""сизоватый"", ""сизый"", ""синеватый"", ""синий"", ""табачный"", ""тёплый"", ""тяжёлый"", ""тяжкий"", ""холодный"", ""чёрный""], ""frequency"": 25, ""part_of_speech"": ""ADJ""}, {""examples"": [""—"", ""…"", ""а"", ""в"", ""гуще"", ""даже"", ""и"", ""из"", ""Из"", ""как"", ""какой"", ""кроме"", ""на"", ""не"", ""от"", ""по"", ""с"", ""свой"", ""сквозь"", ""то"", ""этот""], ""frequency"": 21, ""part_of_speech"": ""OTHER""}, {""examples"": [""быть"", ""вызывать"", ""грязнорыжего"", ""кадила"", ""одурять"", ""плывут"", ""пропитать""], ""frequency"": 7, ""part_of_speech"": ""VERB_CHILD""}, {""examples"": [""как"", ""точно""], ""frequency"": 2, ""part_of_speech"": ""ADV""}, {""examples"": [""это""], ""frequency"": 1, ""part_of_speech"": ""PRON""}], ""top_pos_вонь"": [{""examples"": [""только""], ""frequency"": 1, ""part_of_speech"": ""OTHER""}], ""top_pos_чадо"": [{""examples"": [""имаши"", ""отринуть""], ""frequency"": 2, ""part_of_speech"": ""VERB_CHILD""}, {""examples"": [""земной"", ""несчастный""], ""frequency"": 2, ""part_of_speech"": ""ADJ""}, {""examples"": [""показывать""], ""frequency"": 1, ""part_of_speech"": ""VERB_HEAD""}, {""examples"": [""…""], ""frequency"": 1, ""part_of_speech"": ""OTHER""}], ""top_pos_букет"": [{""examples"": [""гвоздика (Ins)"", ""корзина (Acc)"", ""лист (Gen)"", ""роза (Gen)"", ""цвет (Gen)""], ""frequency"": 5, ""part_of_speech"": ""NOUN""}, {""examples"": [""подать"", ""попасть"", ""собирать""], ""frequency"": 3, ""part_of_speech"": ""VERB_HEAD""}, {""examples"": [""в"", ""на"", ""один""], ""frequency"": 3, ""part_of_speech"": ""OTHER""}, {""examples"": [""огромный""], ""frequency"": 1, ""part_of_speech"": ""ADJ""}], ""top_pos_запах"": [{""examples"": [""аптека (Gen)"", ""болота (Gen)"", ""болото (Gen)"", ""бумага (Gen)"", ""ветчина (Gen)"", ""вино (Gen)"", ""водка (Gen)"", ""ворот (Gen)"", ""газ (Gen)"", ""герань (Gen)"", ""глина (Gen)"", ""гниение (Gen)"", ""гниль (Gen)"", ""дёготь (Gen)"", ""день (Gen)"", ""дерево (Gen)"", ""дух (Gen)"", ""дым (Gen)"", ""женщина (Gen)"", ""жильё (Gen)"", ""жир (Gen)"", ""занавеска (Gen)"", ""зелень (Gen)"", ""земля (Gen)"", ""йодоформ (Gen)"", ""кал (Gen)"", ""керосин (Gen)"", ""кислота (Gen)"", ""клейстер (Gen)"", ""кожа (Gen)"", ""комната (Loc)"", ""коньяк (Gen)"", ""кошка (Gen)"", ""краска (Gen)"", ""крепок (Gen)"", ""кровать (Nom)"", ""лавка (Gen)"", ""лекарство (Gen)"", ""листва (Gen)"", ""масло (Gen)"", ""машина (Gen)"", ""ментол (Gen)"", ""мыло (Gen)"", ""мясо (Gen)"", ""навоз (Gen)"", ""нафталин (Gen)"", ""обшлаг (Acc)"", ""огурец (Gen)"", ""одеколон (Gen)"", ""пиво (Gen)"", ""пот (Gen)"", ""почка (Gen)"", ""прель (Gen)"", ""приступ (Acc)"", ""прут (Nom)"", ""пудра (Gen)"", ""пыль (Gen)"", ""рыба (Gen)"", ""сигара (Gen)"", ""спина (Acc)"", ""спирт (Gen)"", ""сырость (Gen)"", ""табак (Gen)"", ""тест (Gen)"", ""трава (Gen)"", ""тубероза (Gen)"", ""уголь (Gen)"", ""усмешка (Acc)"", ""хлеб (Gen)"", ""хрен (Gen)"", ""цвет (Gen)"", ""чай (Gen)"", ""яблоко (Gen)"", ""яблоков (Gen)"", ""яйцо (Gen)""], ""frequency"": 75, ""part_of_speech"": ""NOUN""}, {""examples"": [""блестеть"", ""внести"", ""встречать"", ""втекал"", ""втекать"", ""выдыхать"", ""вынудить"", ""вытекать"", ""гулять"", ""доноситься"", ""думать"", ""душить"", ""дышавший"", ""дышать"", ""заглушить"", ""затруднял"", ""защекотать"", ""испортить"", ""испускать"", ""источал"", ""источать"", ""исходить"", ""куриться"", ""ласкать"", ""напитать"", ""наполнить"", ""наполнять"", ""напоминать"", ""насытить"", ""насыщать"", ""обдал"", ""обонять"", ""овеять"", ""одолеть"", ""оздоровлять"", ""опьянять"", ""оставить"", ""оставлять"", ""остаться"", ""отвергать"", ""отогнать"", ""ощущая"", ""подниматься"", ""прибрать"", ""притекал"", ""пропитать"", ""распространять"", ""сгущался"", ""слышать"", ""смешать"", ""смешивался"", ""становиться"", ""стать"", ""стоять"", ""узнавать"", ""умиротворять"", ""уничтожить"", ""успокаивать"", ""хряснуло"", ""чувствовать"", ""чувствоваться"", ""щекотать"", ""щипать""], ""frequency"": 63, ""part_of_speech"": ""VERB_HEAD""}, {""examples"": [""аптечный"", ""вкусный"", ""влажный"", ""гнилой"", ""горький"", ""горьковатый"", ""густевшими"", ""густой"", ""душный"", ""едкий"", ""жёсткий"", ""жирный"", ""застарелый"", ""злой"", ""кисленький"", ""кисловатый"", ""кислый"", ""крепкий"", ""кухонный"", ""масляный"", ""медовый"", ""настойкой"", ""неестественный"", ""неприятный"", ""острый"", ""похожий"", ""приятный"", ""противный"", ""пьяный"", ""светложелтой"", ""сильный"", ""сладкий"", ""сладковатый"", ""сложный"", ""смешанный"", ""смолистый"", ""столовый"", ""съестной"", ""тёплый"", ""терпкий"", ""тонкий"", ""тошнотворный"", ""тошный"", ""тяжёлый"", ""тяжкий"", ""угарный"", ""удушливый"", ""хмельный"", ""холодноватый"", ""ядовитый""], ""frequency"": 50, ""part_of_speech"": ""ADJ""}, {""examples"": [""—"", ""в"", ""весь"", ""и"", ""какой"", ""мой"", ""на"", ""некий"", ""она"", ""от"", ""по"", ""с"", ""то"", ""тот"", ""этот""], ""frequency"": 15, ""part_of_speech"": ""OTHER""}, {""examples"": [""исходить"", ""лишить"", ""научимся"", ""неистребимый"", ""обгореть"", ""одурять"", ""опьянять"", ""отравлять"", ""приглушить"", ""приятнейший"", ""раздражать"", ""сена"", ""солоноватый""], ""frequency"": 13, ""part_of_speech"": ""VERB_CHILD""}, {""examples"": [""нее"", ""то"", ""что""], ""frequency"": 3, ""part_of_speech"": ""PRON""}], ""top_pos_навоз"": [{""examples"": [""конский"", ""родной"", ""человечий""], ""frequency"": 3, ""part_of_speech"": ""ADJ""}, {""examples"": [""говорить""], ""frequency"": 1, ""part_of_speech"": ""VERB_CHILD""}, {""examples"": [""немец (Gen)""], ""frequency"": 1, ""part_of_speech"": ""NOUN""}, {""examples"": [""и""], ""frequency"": 1, ""part_of_speech"": ""OTHER""}, {""examples"": [""убирать""], ""frequency"": 1, ""part_of_speech"": ""VERB_HEAD""}], ""top_pos_аромат"": [{""examples"": [""и""], ""frequency"": 1, ""part_of_speech"": ""OTHER""}, {""examples"": [""опьянять""], ""frequency"": 1, ""part_of_speech"": ""VERB_HEAD""}, {""examples"": [""хмельный""], ""frequency"": 1, ""part_of_speech"": ""ADJ""}, {""examples"": [""лес (Gen)""], ""frequency"": 1, ""part_of_speech"": ""NOUN""}], ""top_pos_дерьмо"": [{""examples"": [""и""], ""frequency"": 1, ""part_of_speech"": ""OTHER""}], ""top_pos_чадить"": [{""examples"": [""слово (Ins)""], ""frequency"": 1, ""part_of_speech"": ""NOUN""}, {""examples"": [""начать""], ""frequency"": 1, ""part_of_speech"": ""VERB_HEAD""}], ""top_pos_одеколон"": [{""examples"": [""заглушить"", ""иметь"", ""надушить"", ""пролить""], ""frequency"": 4, ""part_of_speech"": ""VERB_HEAD""}, {""examples"": [""—"", ""он"", ""с""], ""frequency"": 3, ""part_of_speech"": ""OTHER""}], ""top_pos_испарение"": [{""examples"": [""безумие (Gen)"", ""грязь (Gen)"", ""жестокость (Gen)"", ""испарение (Ins)"", ""пролитой (Ins)""], ""frequency"": 5, ""part_of_speech"": ""NOUN""}, {""examples"": [""казаться""], ""frequency"": 1, ""part_of_speech"": ""VERB_HEAD""}, {""examples"": [""материальный""], ""frequency"": 1, ""part_of_speech"": ""ADJ""}]}"
14,"Фома Гордеев","Максим Горький",1899,"6056","15","0.25","[{""count"": 9, ""token"": ""дым""}, {""count"": 5, ""token"": ""запах""}, {""count"": 2, ""token"": ""ладан""}, {""count"": 1, ""token"": ""вонь""}, {""count"": 1, ""token"": ""навоз""}]","2.00","{""top_pos_дым"": [{""examples"": [""вьется"", ""окутать"", ""поехать"", ""пойти"", ""стоять"", ""увидеть""], ""frequency"": 6, ""part_of_speech"": ""VERB_HEAD""}, {""examples"": [""как"", ""с"", ""сквозь""], ""frequency"": 3, ""part_of_speech"": ""OTHER""}, {""examples"": [""красноватый"", ""тяжёлый"", ""чёрный""], ""frequency"": 3, ""part_of_speech"": ""ADJ""}, {""examples"": [""дыхание (Gen)"", ""труба (Gen)""], ""frequency"": 2, ""part_of_speech"": ""NOUN""}], ""top_pos_вонь"": [{""examples"": [""разложение (Gen)""], ""frequency"": 1, ""part_of_speech"": ""NOUN""}, {""examples"": [""пахнёт""], ""frequency"": 1, ""part_of_speech"": ""VERB_HEAD""}], ""top_pos_запах"": [{""examples"": [""напоить"", ""наполнять"", ""нет"", ""пропитать""], ""frequency"": 4, ""part_of_speech"": ""VERB_HEAD""}, {""examples"": [""воск (Gen)"", ""дерево (Gen)"", ""сосна (Gen)""], ""frequency"": 3, ""part_of_speech"": ""NOUN""}, {""examples"": [""и"", ""отцова""], ""frequency"": 2, ""part_of_speech"": ""OTHER""}, {""examples"": [""сладкий""], ""frequency"": 1, ""part_of_speech"": ""ADJ""}], ""top_pos_ладан"": [{""examples"": [""пахнуть""], ""frequency"": 1, ""part_of_speech"": ""VERB_HEAD""}], ""top_pos_навоз"": [{""examples"": [""убрать""], ""frequency"": 1, ""part_of_speech"": ""VERB_HEAD""}]}"
15,"Другие берега","Владимир Владимирович Набоков",1954,"5177","37","0.71","[{""count"": 17, ""token"": ""запах""}, {""count"": 10, ""token"": ""дым""}, {""count"": 3, ""token"": ""букет""}, {""count"": 2, ""token"": ""дух""}, {""count"": 2, ""token"": ""дуновение""}, {""count"": 2, ""token"": ""благоухание""}, {""count"": 1, ""token"": ""зловоние""}, {""count"": 1, ""token"": ""вонь""}, {""count"": 1, ""token"": ""аромат""}, {""count"": 1, ""token"": ""фимиам""}, {""count"": 1, ""token"": ""ладан""}]","2.65","{""top_pos_дух"": [{""examples"": [""болотный"", ""дешёвый"", ""сладкий""], ""frequency"": 3, ""part_of_speech"": ""ADJ""}, {""examples"": [""пытаться""], ""frequency"": 1, ""part_of_speech"": ""VERB_HEAD""}], ""top_pos_дым"": [{""examples"": [""испытать"", ""отмечать"", ""оттенить"", ""появиться"", ""производить"", ""сливаться""], ""frequency"": 6, ""part_of_speech"": ""VERB_HEAD""}, {""examples"": [""гуашевый"", ""древесный"", ""лиловый"", ""обильный"", ""табачный"", ""тёмный""], ""frequency"": 6, ""part_of_speech"": ""ADJ""}, {""examples"": [""–"", ""и"", ""или"", ""от"", ""этот""], ""frequency"": 5, ""part_of_speech"": ""OTHER""}, {""examples"": [""волос (Gen)"", ""домишки (Gen)"", ""краска (Nom)"", ""поезд (Gen)"", ""торф (Gen)""], ""frequency"": 5, ""part_of_speech"": ""NOUN""}, {""examples"": [""валить""], ""frequency"": 1, ""part_of_speech"": ""VERB_CHILD""}], ""top_pos_вонь"": [{""examples"": [""и""], ""frequency"": 1, ""part_of_speech"": ""OTHER""}, {""examples"": [""сигарный""], ""frequency"": 1, ""part_of_speech"": ""ADJ""}, {""examples"": [""шнельцугов (Gen)""], ""frequency"": 1, ""part_of_speech"": ""NOUN""}], ""top_pos_букет"": [{""examples"": [""мороженое (Gen)"", ""фиалка (Gen)""], ""frequency"": 2, ""part_of_speech"": ""NOUN""}, {""examples"": [""вафельный"", ""скрипучий""], ""frequency"": 2, ""part_of_speech"": ""ADJ""}, {""examples"": [""держать"", ""принесший""], ""frequency"": 2, ""part_of_speech"": ""VERB_HEAD""}, {""examples"": [""пришпилить""], ""frequency"": 1, ""part_of_speech"": ""VERB_CHILD""}, {""examples"": [""с""], ""frequency"": 1, ""part_of_speech"": ""OTHER""}], ""top_pos_запах"": [{""examples"": [""земля (Gen)"", ""листва (Gen)"", ""мороз (Gen)"", ""мускус (Gen)"", ""осень (Gen)"", ""платье (Gen)"", ""прошлое (Gen)"", ""рота (Gen)"", ""смесь (Ins)"", ""смесь (Nom)"", ""цвет (Gen)"", ""чихание (Acc)""], ""frequency"": 12, ""part_of_speech"": ""NOUN""}, {""examples"": [""идти"", ""наполнить"", ""наполнять"", ""насыщая"", ""описывать"", ""открыть"", ""подняться"", ""пропасть"", ""убивать""], ""frequency"": 9, ""part_of_speech"": ""VERB_HEAD""}, {""examples"": [""затхлый"", ""крымский"", ""лёгкий"", ""новый"", ""сильный"", ""сырой"", ""яркий""], ""frequency"": 7, ""part_of_speech"": ""ADJ""}, {""examples"": [""даже"", ""и"", ""о"", ""храп""], ""frequency"": 4, ""part_of_speech"": ""OTHER""}, {""examples"": [""тем""], ""frequency"": 1, ""part_of_speech"": ""PRON""}, {""examples"": [""повсюду""], ""frequency"": 1, ""part_of_speech"": ""ADV""}, {""examples"": [""вызвать""], ""frequency"": 1, ""part_of_speech"": ""VERB_CHILD""}], ""top_pos_ладан"": null, ""top_pos_аромат"": [{""examples"": [""редкостный""], ""frequency"": 1, ""part_of_speech"": ""ADJ""}, {""examples"": [""оцените""], ""frequency"": 1, ""part_of_speech"": ""VERB_HEAD""}, {""examples"": [""она""], ""frequency"": 1, ""part_of_speech"": ""OTHER""}], ""top_pos_фимиам"": [{""examples"": [""а""], ""frequency"": 1, ""part_of_speech"": ""OTHER""}, {""examples"": [""превзойти""], ""frequency"": 1, ""part_of_speech"": ""VERB_HEAD""}, {""examples"": [""воскурять""], ""frequency"": 1, ""part_of_speech"": ""VERB_CHILD""}], ""top_pos_зловоние"": [{""examples"": [""переставать""], ""frequency"": 1, ""part_of_speech"": ""VERB_CHILD""}, {""examples"": [""исходить""], ""frequency"": 1, ""part_of_speech"": ""VERB_HEAD""}], ""top_pos_дуновение"": [{""examples"": [""малый"", ""первый""], ""frequency"": 2, ""part_of_speech"": ""ADJ""}, {""examples"": [""Для"", ""некоторый""], ""frequency"": 2, ""part_of_speech"": ""OTHER""}, {""examples"": [""видеть"", ""отдавать""], ""frequency"": 2, ""part_of_speech"": ""VERB_CHILD""}, {""examples"": [""свобода (Gen)""], ""frequency"": 1, ""part_of_speech"": ""NOUN""}, {""examples"": [""распахивать""], ""frequency"": 1, ""part_of_speech"": ""VERB_HEAD""}], ""top_pos_благоухание"": [{""examples"": [""она"", ""то""], ""frequency"": 2, ""part_of_speech"": ""OTHER""}, {""examples"": [""ощутить"", ""почувствуете""], ""frequency"": 2, ""part_of_speech"": ""VERB_HEAD""}, {""examples"": [""овевали""], ""frequency"": 1, ""part_of_speech"": ""VERB_CHILD""}, {""examples"": [""сладостный""], ""frequency"": 1, ""part_of_speech"": ""ADJ""}]}"
16,"Дар","Владимир Владимирович Набоков",1935,"4820","27","0.56","[{""count"": 13, ""token"": ""запах""}, {""count"": 11, ""token"": ""дым""}, {""count"": 3, ""token"": ""вонь""}, {""count"": 2, ""token"": ""душок""}, {""count"": 1, ""token"": ""запашок""}, {""count"": 1, ""token"": ""одеколон""}, {""count"": 1, ""token"": ""аромат""}, {""count"": 1, ""token"": ""букет""}, {""count"": 1, ""token"": ""благовоние""}, {""count"": 1, ""token"": ""пахнуть""}]","2.96","{""top_pos_дым"": [{""examples"": [""восходить"", ""дрожать"", ""обратиться"", ""повалить"", ""спасаются"", ""способствовать""], ""frequency"": 6, ""part_of_speech"": ""VERB_HEAD""}, {""examples"": [""в"", ""как"", ""он"", ""от"", ""под""], ""frequency"": 5, ""part_of_speech"": ""OTHER""}, {""examples"": [""бледный"", ""густой"", ""железнодорожный"", ""паровозный"", ""табачный""], ""frequency"": 5, ""part_of_speech"": ""ADJ""}, {""examples"": [""дуновение (Gen)"", ""костёр (Gen)"", ""назём (Gen)"", ""папиросы (Nom)""], ""frequency"": 4, ""part_of_speech"": ""NOUN""}], ""top_pos_вонь"": [{""examples"": [""несло""], ""frequency"": 1, ""part_of_speech"": ""VERB_HEAD""}, {""examples"": [""кислый""], ""frequency"": 1, ""part_of_speech"": ""ADJ""}], ""top_pos_букет"": [{""examples"": [""полететь""], ""frequency"": 1, ""part_of_speech"": ""VERB_HEAD""}], ""top_pos_душок"": [{""examples"": [""классовый"", ""нестерпимый"", ""человеческий""], ""frequency"": 3, ""part_of_speech"": ""ADJ""}, {""examples"": [""быть"", ""внести""], ""frequency"": 2, ""part_of_speech"": ""VERB_HEAD""}, {""examples"": [""область (Acc)"", ""писатель (Gen)""], ""frequency"": 2, ""part_of_speech"": ""NOUN""}], ""top_pos_запах"": [{""examples"": [""бурый"", ""голый"", ""медовый"", ""мутный"", ""незабываемый"", ""сладковато"", ""тухлый"", ""чудной""], ""frequency"": 8, ""part_of_speech"": ""ADJ""}, {""examples"": [""бабочка (Gen)"", ""душа (Gen)"", ""запах (Acc)"", ""камера (Loc)"", ""липа (Gen)"", ""пыль (Gen)"", ""таней (Gen)"", ""таял (Gen)""], ""frequency"": 8, ""part_of_speech"": ""NOUN""}, {""examples"": [""господствовать"", ""идти"", ""наростало"", ""невыносим"", ""объяснять"", ""поразить"", ""рассказывать""], ""frequency"": 7, ""part_of_speech"": ""VERB_HEAD""}, {""examples"": [""или"", ""о"", ""от"", ""петрушка"", ""этот""], ""frequency"": 5, ""part_of_speech"": ""OTHER""}, {""examples"": [""отказаться"", ""проветривать"", ""стлавшиеся""], ""frequency"": 3, ""part_of_speech"": ""VERB_CHILD""}], ""top_pos_аромат"": [{""examples"": [""распространять""], ""frequency"": 1, ""part_of_speech"": ""VERB_HEAD""}, {""examples"": [""\n\n""], ""frequency"": 1, ""part_of_speech"": ""OTHER""}], ""top_pos_запашок"": [{""examples"": [""эпоха (Gen)""], ""frequency"": 1, ""part_of_speech"": ""NOUN""}, {""examples"": [""чувствоваться""], ""frequency"": 1, ""part_of_speech"": ""VERB_HEAD""}], ""top_pos_пахнуть"": [{""examples"": [""быть"", ""марианной"", ""что""], ""frequency"": 3, ""part_of_speech"": ""OTHER""}, {""examples"": [""день (Acc)""], ""frequency"": 1, ""part_of_speech"": ""NOUN""}, {""examples"": [""подумать""], ""frequency"": 1, ""part_of_speech"": ""VERB_HEAD""}], ""top_pos_одеколон"": [{""examples"": [""сквозь""], ""frequency"": 1, ""part_of_speech"": ""OTHER""}, {""examples"": [""дешёвый""], ""frequency"": 1, ""part_of_speech"": ""ADJ""}, {""examples"": [""пахнущая""], ""frequency"": 1, ""part_of_speech"": ""VERB_HEAD""}], ""top_pos_благовоние"": [{""examples"": [""говорить""], ""frequency"": 1, ""part_of_speech"": ""VERB_HEAD""}, {""examples"": [""луг (Gen)""], ""frequency"": 1, ""part_of_speech"": ""NOUN""}, {""examples"": [""нежели""], ""frequency"": 1, ""part_of_speech"": ""OTHER""}, {""examples"": [""вспоминать""], ""frequency"": 1, ""part_of_speech"": ""VERB_CHILD""}]}"
17,"Приглашение на казнь","Владимир Владимирович Набоков",1934,"2502","9","0.36","[{""count"": 5, ""token"": ""букет""}, {""count"": 3, ""token"": ""дуновение""}, {""count"": 1, ""token"": ""благовоние""}, {""count"": 1, ""token"": ""зловоние""}]","1.78","{""top_pos_букет"": [{""examples"": [""бросить"", ""положить"", ""удариться""], ""frequency"": 3, ""part_of_speech"": ""VERB_HEAD""}, {""examples"": [""ещё""], ""frequency"": 1, ""part_of_speech"": ""ADV""}, {""examples"": [""синий""], ""frequency"": 1, ""part_of_speech"": ""ADJ""}], ""top_pos_зловоние"": [{""examples"": [""свойственное""], ""frequency"": 1, ""part_of_speech"": ""VERB_CHILD""}, {""examples"": [""распространять""], ""frequency"": 1, ""part_of_speech"": ""VERB_HEAD""}], ""top_pos_дуновение"": [{""examples"": [""в"", ""и""], ""frequency"": 2, ""part_of_speech"": ""OTHER""}, {""examples"": [""обратиться"", ""пройти""], ""frequency"": 2, ""part_of_speech"": ""VERB_HEAD""}, {""examples"": [""дубравный""], ""frequency"": 1, ""part_of_speech"": ""ADJ""}, {""examples"": [""зашевелиться""], ""frequency"": 1, ""part_of_speech"": ""VERB_CHILD""}], ""top_pos_благовоние"": [{""examples"": [""сосковый""], ""frequency"": 1, ""part_of_speech"": ""ADJ""}, {""examples"": [""выдувать""], ""frequency"": 1, ""part_of_speech"": ""VERB_HEAD""}]}"
18,"Собрание повестей и рассказов в одном томе","Фёдор Михайлович Достоевский",1845,"40972","49","0.12","[{""count"": 17, ""token"": ""запах""}, {""count"": 12, ""token"": ""букет""}, {""count"": 11, ""token"": ""дым""}, {""count"": 4, ""token"": ""смрад""}, {""count"": 3, ""token"": ""вонь""}, {""count"": 2, ""token"": ""аромат""}, {""count"": 1, ""token"": ""пахнуть""}, {""count"": 1, ""token"": ""дух""}, {""count"": 1, ""token"": ""душок""}, {""count"": 1, ""token"": ""зловоние""}, {""count"": 1, ""token"": ""фимиам""}, {""count"": 1, ""token"": ""дуновение""}, {""count"": 1, ""token"": ""ладан""}]","2.35","{""top_pos_дух"": [{""examples"": [""появляться""], ""frequency"": 1, ""part_of_speech"": ""VERB_HEAD""}, {""examples"": [""злой""], ""frequency"": 1, ""part_of_speech"": ""ADJ""}], ""top_pos_дым"": [{""examples"": [""валил"", ""выедать"", ""мелькнуть"", ""пустить"", ""разлететься"", ""ходить""], ""frequency"": 6, ""part_of_speech"": ""VERB_HEAD""}, {""examples"": [""воздух (Loc)"", ""кладя (Gen)"", ""копоть (Gen)"", ""отечество (Gen)"", ""ругательство (Gen)"", ""цинизм (Gen)""], ""frequency"": 6, ""part_of_speech"": ""NOUN""}, {""examples"": [""как"", ""среди"", ""то""], ""frequency"": 3, ""part_of_speech"": ""OTHER""}, {""examples"": [""папиросный""], ""frequency"": 1, ""part_of_speech"": ""ADJ""}], ""top_pos_вонь"": [{""examples"": [""душа (Acc)"", ""милосердие (Acc)""], ""frequency"": 2, ""part_of_speech"": ""NOUN""}, {""examples"": [""слышать"", ""слышится""], ""frequency"": 2, ""part_of_speech"": ""VERB_HEAD""}, {""examples"": [""…""], ""frequency"": 1, ""part_of_speech"": ""OTHER""}], ""top_pos_букет"": [{""examples"": [""бросить"", ""набрать"", ""нарвать"", ""начинать"", ""обернуть"", ""подарить"", ""приготовить"", ""схватить""], ""frequency"": 8, ""part_of_speech"": ""VERB_HEAD""}, {""examples"": [""б"", ""в"", ""мой"", ""наш"", ""только""], ""frequency"": 5, ""part_of_speech"": ""OTHER""}, {""examples"": [""бедный"", ""простой""], ""frequency"": 2, ""part_of_speech"": ""ADJ""}, {""examples"": [""камелия (Gen)""], ""frequency"": 1, ""part_of_speech"": ""NOUN""}, {""examples"": [""вам""], ""frequency"": 1, ""part_of_speech"": ""PRON""}], ""top_pos_душок"": [{""examples"": [""выкурить""], ""frequency"": 1, ""part_of_speech"": ""VERB_HEAD""}], ""top_pos_запах"": [{""examples"": [""ароматный"", ""дурной"", ""ихним"", ""квасной"", ""особенный"", ""посконный"", ""простонародный"", ""сильный"", ""собственный"", ""сырой"", ""тяжёлый"", ""удушливый"", ""фиалковый""], ""frequency"": 13, ""part_of_speech"": ""ADJ""}, {""examples"": [""в"", ""и"", ""к"", ""какой"", ""кроме"", ""нибудь"", ""с"", ""свой"", ""то"", ""тот"", ""этот""], ""frequency"": 11, ""part_of_speech"": ""OTHER""}, {""examples"": [""быть"", ""возбуждать"", ""заподозрить"", ""обличал"", ""послышаться"", ""припахивать"", ""смолистее""], ""frequency"": 7, ""part_of_speech"": ""VERB_HEAD""}, {""examples"": [""березняк (Gen)"", ""дёготь (Gen)"", ""дерево (Gen)"", ""лекарство (Gen)"", ""лист (Gen)""], ""frequency"": 5, ""part_of_speech"": ""NOUN""}, {""examples"": [""прирожденный"", ""удивительные""], ""frequency"": 2, ""part_of_speech"": ""VERB_CHILD""}], ""top_pos_ладан"": [{""examples"": [""на""], ""frequency"": 1, ""part_of_speech"": ""OTHER""}, {""examples"": [""дышать""], ""frequency"": 1, ""part_of_speech"": ""VERB_HEAD""}], ""top_pos_смрад"": [{""examples"": [""весь"", ""до"", ""ни"", ""она"", ""от"", ""этот""], ""frequency"": 6, ""part_of_speech"": ""OTHER""}, {""examples"": [""задохнуться"", ""избавиться"", ""стеснилась""], ""frequency"": 3, ""part_of_speech"": ""VERB_HEAD""}, {""examples"": [""подходить""], ""frequency"": 1, ""part_of_speech"": ""VERB_CHILD""}], ""top_pos_аромат"": [{""examples"": [""заливавших"", ""куриться""], ""frequency"": 2, ""part_of_speech"": ""VERB_HEAD""}, {""examples"": [""жертвенный""], ""frequency"": 1, ""part_of_speech"": ""ADJ""}, {""examples"": [""воздух (Acc)""], ""frequency"": 1, ""part_of_speech"": ""NOUN""}], ""top_pos_фимиам"": [{""examples"": [""послать""], ""frequency"": 1, ""part_of_speech"": ""VERB_HEAD""}, {""examples"": [""роскошный""], ""frequency"": 1, ""part_of_speech"": ""ADJ""}, {""examples"": [""свой""], ""frequency"": 1, ""part_of_speech"": ""OTHER""}], ""top_pos_пахнуть"": [{""examples"": [""козёл (Ins)""], ""frequency"": 1, ""part_of_speech"": ""NOUN""}, {""examples"": [""быть""], ""frequency"": 1, ""part_of_speech"": ""OTHER""}], ""top_pos_зловоние"": [{""examples"": [""ночь (Dat)""], ""frequency"": 1, ""part_of_speech"": ""NOUN""}, {""examples"": [""страшный""], ""frequency"": 1, ""part_of_speech"": ""ADJ""}], ""top_pos_дуновение"": [{""examples"": [""одним"", ""чтоб""], ""frequency"": 2, ""part_of_speech"": ""OTHER""}, {""examples"": [""помня""], ""frequency"": 1, ""part_of_speech"": ""VERB_HEAD""}, {""examples"": [""разрушить""], ""frequency"": 1, ""part_of_speech"": ""VERB_CHILD""}]}"
19,"Полное собрание рассказов","Владимир Владимирович Набоков",1950,"13079","78","0.60","[{""count"": 33, ""token"": ""дым""}, {""count"": 26, ""token"": ""запах""}, {""count"": 8, ""token"": ""букет""}, {""count"": 5, ""token"": ""дух""}, {""count"": 3, ""token"": ""навоз""}, {""count"": 2, ""token"": ""благоухание""}, {""count"": 2, ""token"": ""дуновение""}, {""count"": 2, ""token"": ""дерьмо""}, {""count"": 1, ""token"": ""запашок""}, {""count"": 1, ""token"": ""чадо""}, {""count"": 1, ""token"": ""ладан""}, {""count"": 1, ""token"": ""аромат""}, {""count"": 1, ""token"": ""одеколон""}, {""count"": 1, ""token"": ""душок""}, {""count"": 1, ""token"": ""вонь""}]","2.33","{""top_pos_дух"": [{""examples"": [""—"", ""они"", ""сквозь"", ""тот""], ""frequency"": 4, ""part_of_speech"": ""OTHER""}, {""examples"": [""откликаться""], ""frequency"": 1, ""part_of_speech"": ""VERB_HEAD""}, {""examples"": [""мороз (Acc)""], ""frequency"": 1, ""part_of_speech"": ""NOUN""}], ""top_pos_дым"": [{""examples"": [""выдувать"", ""выдыхать"", ""выйти"", ""выпускать"", ""выпустить"", ""гореть"", ""зажечься"", ""морщась"", ""опубликовать"", ""привыкнуть"", ""производить"", ""пройти"", ""стлался"", ""стоять""], ""frequency"": 14, ""part_of_speech"": ""VERB_HEAD""}, {""examples"": [""баталия (Gen)"", ""волос (Gen)"", ""гул (Nom)"", ""домишки (Gen)"", ""звездою (Nom)"", ""неряшливость (Nom)"", ""ноздря (Gen)"", ""отец (Gen)"", ""папирос (Acc)"", ""паровоз (Gen)"", ""сигара (Gen)"", ""труба (Gen)"", ""февраль (Nom)""], ""frequency"": 13, ""part_of_speech"": ""NOUN""}, {""examples"": [""1935"", ""1973"", ""дешёвый"", ""медленный"", ""папиросный"", ""сизый"", ""синий"", ""сытый"", ""тяжёлый""], ""frequency"": 9, ""part_of_speech"": ""ADJ""}, {""examples"": [""—"", ""\n\n"", ""и"", ""или"", ""от"", ""с"", ""сквозь"", ""чепец""], ""frequency"": 8, ""part_of_speech"": ""OTHER""}, {""examples"": [""льнуть"", ""отяжелеть"", ""повторить"", ""подразумевать"", ""уносимого""], ""frequency"": 5, ""part_of_speech"": ""VERB_CHILD""}], ""top_pos_вонь"": [{""examples"": [""с""], ""frequency"": 1, ""part_of_speech"": ""OTHER""}, {""examples"": [""чернил (Gen)""], ""frequency"": 1, ""part_of_speech"": ""NOUN""}, {""examples"": [""смешаться""], ""frequency"": 1, ""part_of_speech"": ""VERB_HEAD""}], ""top_pos_чадо"": [{""examples"": [""всякий""], ""frequency"": 1, ""part_of_speech"": ""OTHER""}], ""top_pos_букет"": [{""examples"": [""нести"", ""поехать"", ""положить"", ""появиться"", ""принесший"", ""стоять""], ""frequency"": 6, ""part_of_speech"": ""VERB_HEAD""}, {""examples"": [""ваза (Loc)"", ""георгина (Gen)"", ""незабудка (Gen)"", ""фиалка (Gen)"", ""цвет (Gen)""], ""frequency"": 5, ""part_of_speech"": ""NOUN""}, {""examples"": [""забытый"", ""плотный"", ""скрипучий"", ""худосочный""], ""frequency"": 4, ""part_of_speech"": ""ADJ""}, {""examples"": [""с""], ""frequency"": 1, ""part_of_speech"": ""OTHER""}], ""top_pos_душок"": [{""examples"": [""гарь (Gen)""], ""frequency"": 1, ""part_of_speech"": ""NOUN""}, {""examples"": [""тошный""], ""frequency"": 1, ""part_of_speech"": ""ADJ""}], ""top_pos_запах"": [{""examples"": [""глуховатый"", ""горячий"", ""густой"", ""дегтярный"", ""звериный"", ""земляной"", ""липкий"", ""медовый"", ""миндальный"", ""мутный"", ""мятый"", ""нежный"", ""острый"", ""сахаристый"", ""сильный"", ""сухой"", ""сырой"", ""тёплый"", ""тонкий""], ""frequency"": 19, ""part_of_speech"": ""ADJ""}, {""examples"": [""бензин (Gen)"", ""гвоздика (Gen)"", ""глоболя (Gen)"", ""день (Gen)"", ""доска (Gen)"", ""дух (Gen)"", ""душок (Ins)"", ""лист (Gen)"", ""листва (Gen)"", ""мазь (Gen)"", ""мех (Gen)"", ""мороз (Gen)"", ""муха (Gen)"", ""одеколон (Gen)"", ""прошлое (Gen)"", ""табак (Dat)"", ""толпа (Gen)""], ""frequency"": 17, ""part_of_speech"": ""NOUN""}, {""examples"": [""вдыхать"", ""веять"", ""задыхаться"", ""идти"", ""издать"", ""обдавать"", ""обдало"", ""плыть"", ""подбодрял"", ""почуял"", ""пропитать"", ""слышится""], ""frequency"": 12, ""part_of_speech"": ""VERB_HEAD""}, {""examples"": [""—"", ""даже"", ""и"", ""как"", ""какой"", ""на"", ""о"", ""они"", ""от""], ""frequency"": 9, ""part_of_speech"": ""OTHER""}, {""examples"": [""гнить"", ""источать"", ""сидеть""], ""frequency"": 3, ""part_of_speech"": ""VERB_CHILD""}, {""examples"": [""их""], ""frequency"": 1, ""part_of_speech"": ""PRON""}, {""examples"": [""несмотря""], ""frequency"": 1, ""part_of_speech"": ""ADV""}], ""top_pos_ладан"": [{""examples"": [""безумье (Dat)"", ""дурнота (Nom)""], ""frequency"": 2, ""part_of_speech"": ""NOUN""}, {""examples"": [""седоватый""], ""frequency"": 1, ""part_of_speech"": ""ADJ""}, {""examples"": [""—""], ""frequency"": 1, ""part_of_speech"": ""OTHER""}], ""top_pos_навоз"": [{""examples"": [""дышать"", ""напоминать""], ""frequency"": 2, ""part_of_speech"": ""VERB_HEAD""}, {""examples"": [""и""], ""frequency"": 1, ""part_of_speech"": ""OTHER""}, {""examples"": [""подмороженный""], ""frequency"": 1, ""part_of_speech"": ""ADJ""}], ""top_pos_аромат"": [{""examples"": [""путешествие (Gen)""], ""frequency"": 1, ""part_of_speech"": ""NOUN""}], ""top_pos_дерьмо"": [{""examples"": [""примириться"", ""читать""], ""frequency"": 2, ""part_of_speech"": ""VERB_HEAD""}, {""examples"": [""всякий"", ""с""], ""frequency"": 2, ""part_of_speech"": ""OTHER""}], ""top_pos_запашок"": [{""examples"": [""детский""], ""frequency"": 1, ""part_of_speech"": ""ADJ""}], ""top_pos_одеколон"": null, ""top_pos_дуновение"": [{""examples"": [""почувствовать""], ""frequency"": 1, ""part_of_speech"": ""VERB_HEAD""}, {""examples"": [""…""], ""frequency"": 1, ""part_of_speech"": ""OTHER""}, {""examples"": [""висок (Gen)""], ""frequency"": 1, ""part_of_speech"": ""NOUN""}, {""examples"": [""ковым""], ""frequency"": 1, ""part_of_speech"": ""ADJ""}], ""top_pos_благоухание"": [{""examples"": [""буйный"", ""истовый""], ""frequency"": 2, ""part_of_speech"": ""ADJ""}, {""examples"": [""гордиться"", ""обдало""], ""frequency"": 2, ""part_of_speech"": ""VERB_HEAD""}, {""examples"": [""кофе (Gen)""], ""frequency"": 1, ""part_of_speech"": ""NOUN""}]}"
